{
    "Random Forest": {
        "train_accuracy": 0.933736785659568,
        "test_accuracy": 0.9117647058823529,
        "roc_auc": 0.8469373423710814,
        "precision": 0.7922705314009661,
        "recall": 0.40097799511002447,
        "f1_score": 0.5324675324675324,
        "cv_mean": 0.507743047021652,
        "cv_std": 0.029679808036693334,
        "classification_report": {
            "0": {
                "precision": 0.9198560680405626,
                "recall": 0.984938704028021,
                "f1-score": 0.9512855209742895,
                "support": 2855.0
            },
            "1": {
                "precision": 0.7922705314009661,
                "recall": 0.40097799511002447,
                "f1-score": 0.5324675324675324,
                "support": 409.0
            },
            "accuracy": 0.9117647058823529,
            "macro avg": {
                "precision": 0.8560632997207644,
                "recall": 0.6929583495690227,
                "f1-score": 0.741876526720911,
                "support": 3264.0
            },
            "weighted avg": {
                "precision": 0.9038687872545348,
                "recall": 0.9117647058823529,
                "f1-score": 0.8988049580762308,
                "support": 3264.0
            }
        },
        "confusion_matrix": [
            [
                2812,
                43
            ],
            [
                245,
                164
            ]
        ]
    },
    "XGBoost": {
        "train_accuracy": 0.9214034012563199,
        "test_accuracy": 0.9129901960784313,
        "roc_auc": 0.8478609568423261,
        "precision": 0.8571428571428571,
        "recall": 0.36674816625916873,
        "f1_score": 0.5136986301369864,
        "cv_mean": 0.5179106886830651,
        "cv_std": 0.04583148352459459,
        "classification_report": {
            "0": {
                "precision": 0.9161540951764325,
                "recall": 0.9912434325744308,
                "f1-score": 0.9522207267833109,
                "support": 2855.0
            },
            "1": {
                "precision": 0.8571428571428571,
                "recall": 0.36674816625916873,
                "f1-score": 0.5136986301369864,
                "support": 409.0
            },
            "accuracy": 0.9129901960784313,
            "macro avg": {
                "precision": 0.8866484761596448,
                "recall": 0.6789957994167998,
                "f1-score": 0.7329596784601486,
                "support": 3264.0
            },
            "weighted avg": {
                "precision": 0.9087596109988184,
                "recall": 0.9129901960784313,
                "f1-score": 0.8972711135699694,
                "support": 3264.0
            }
        },
        "confusion_matrix": [
            [
                2830,
                25
            ],
            [
                259,
                150
            ]
        ]
    },
    "LightGBM": {
        "train_accuracy": 0.9128236555844952,
        "test_accuracy": 0.9077818627450981,
        "roc_auc": 0.829432771400066,
        "precision": 0.9029850746268657,
        "recall": 0.29584352078239606,
        "f1_score": 0.44567219152854515,
        "cv_mean": 0.5043490639091812,
        "cv_std": 0.031785776348307586,
        "classification_report": {
            "0": {
                "precision": 0.9079872204472843,
                "recall": 0.9954465849387041,
                "f1-score": 0.9497076023391813,
                "support": 2855.0
            },
            "1": {
                "precision": 0.9029850746268657,
                "recall": 0.29584352078239606,
                "f1-score": 0.44567219152854515,
                "support": 409.0
            },
            "accuracy": 0.9077818627450981,
            "macro avg": {
                "precision": 0.905486147537075,
                "recall": 0.6456450528605501,
                "f1-score": 0.6976898969338632,
                "support": 3264.0
            },
            "weighted avg": {
                "precision": 0.9073604196995664,
                "recall": 0.9077818627450981,
                "f1-score": 0.8865487533742455,
                "support": 3264.0
            }
        },
        "confusion_matrix": [
            [
                2842,
                13
            ],
            [
                288,
                121
            ]
        ]
    },
    "CatBoost": {
        "train_accuracy": 0.9169603186762678,
        "test_accuracy": 0.9093137254901961,
        "roc_auc": 0.8404780357884549,
        "precision": 0.9185185185185185,
        "recall": 0.30317848410757947,
        "f1_score": 0.45588235294117646,
        "cv_mean": 0.5162611741410175,
        "cv_std": 0.03329332327004611,
        "classification_report": {
            "0": {
                "precision": 0.9089165867689357,
                "recall": 0.9961471103327496,
                "f1-score": 0.9505347593582888,
                "support": 2855.0
            },
            "1": {
                "precision": 0.9185185185185185,
                "recall": 0.30317848410757947,
                "f1-score": 0.45588235294117646,
                "support": 409.0
            },
            "accuracy": 0.9093137254901961,
            "macro avg": {
                "precision": 0.9137175526437271,
                "recall": 0.6496627972201645,
                "f1-score": 0.7032085561497327,
                "support": 3264.0
            },
            "weighted avg": {
                "precision": 0.9101197700059392,
                "recall": 0.9093137254901961,
                "f1-score": 0.888551660637517,
                "support": 3264.0
            }
        },
        "confusion_matrix": [
            [
                2844,
                11
            ],
            [
                285,
                124
            ]
        ]
    },
    "Logistic Regression": {
        "train_accuracy": 0.8742914049333538,
        "test_accuracy": 0.8740808823529411,
        "roc_auc": 0.580400703950946,
        "precision": 0.0,
        "recall": 0.0,
        "f1_score": 0.0,
        "cv_mean": 0.5077955726645257,
        "cv_std": 0.06283178379624531,
        "classification_report": {
            "0": {
                "precision": 0.8746167995095033,
                "recall": 0.9992994746059545,
                "f1-score": 0.9328102010789603,
                "support": 2855.0
            },
            "1": {
                "precision": 0.0,
                "recall": 0.0,
                "f1-score": 0.0,
                "support": 409.0
            },
            "accuracy": 0.8740808823529411,
            "macro avg": {
                "precision": 0.43730839975475166,
                "recall": 0.49964973730297724,
                "f1-score": 0.46640510053948014,
                "support": 3264.0
            },
            "weighted avg": {
                "precision": 0.7650217409925343,
                "recall": 0.8740808823529411,
                "f1-score": 0.8159231385050342,
                "support": 3264.0
            }
        },
        "confusion_matrix": [
            [
                2853,
                2
            ],
            [
                409,
                0
            ]
        ]
    },
    "SVM": {
        "train_accuracy": 0.8809560288034319,
        "test_accuracy": 0.8792892156862745,
        "roc_auc": 0.6563597514761987,
        "precision": 1.0,
        "recall": 0.03667481662591687,
        "f1_score": 0.07075471698113207,
        "cv_mean": 0.5154725211426422,
        "cv_std": 0.02628909307397374,
        "classification_report": {
            "0": {
                "precision": 0.878731917513081,
                "recall": 1.0,
                "f1-score": 0.9354521625163827,
                "support": 2855.0
            },
            "1": {
                "precision": 1.0,
                "recall": 0.03667481662591687,