Model,Train Accuracy,Test Accuracy,Precision,Recall,F1 Score,ROC AUC
XGBoost,0.9515027322404371,0.8510928961748634,0.625,0.3875968992248062,0.4784688995215311,0.870762466736087
Random Forest,0.9719945355191257,0.8483606557377049,0.6097560975609756,0.3875968992248062,0.47393364928909953,0.8690655250877395
LightGBM,0.9614071038251366,0.8579234972677595,0.6436781609195402,0.43410852713178294,0.5185185185185185,0.8730893336932907
Gradient Boosting,0.9426229508196722,0.8688524590163934,0.7796610169491526,0.35658914728682173,0.48936170212765956,0.8766953346960289
SVM,0.8442622950819673,0.8346994535519126,0.7857142857142857,0.08527131782945736,0.15384615384615385,0.7863396197308032
Ensemble,0.9480874316939891,0.8647540983606558,0.7884615384615384,0.3178294573643411,0.4530386740331492,0.8886574877550233
